species,reassignment,common_name,familyPachytriton feii,Lissotriton vulgaris,Smooth newt,SalamandridaeTylototriton taliangensis,Lissotriton vulgaris,Smooth newt,SalamandridaeAix galericulata,Aix galericulata,Mandarin duck,AnatidaeAnas acuta,Anas acuta,Pintail,AnatidaeAnas clypeata,Anas clypeata,Shoveler,AnatidaeAnas crecca,Anas crecca,Teal,AnatidaeAnser albifrons,Anser albifrons,White-fronted goose,AnatidaeAnser anser,Anser anser,Greylag goose,AnatidaeBranta canadensis,Branta canadensis,Canada goose,AnatidaeCairina moschata,Cairina moschata,Muscovy duck,AnatidaeCygnus cygnus,Cygnus cygnus,Whooper swan,AnatidaeCygnus olor,Cygnus olor,Mute swan,AnatidaeMergus merganser,Mergus merganser,Goosander,AnatidaeTadorna tadorna,Tadorna tadorna,Shelduck,AnatidaeHeliodoxa aurescens,Pluvialis apricaria,Golden plover,CharadriidaePluvialis fulva,Pluvialis apricaria,Golden plover,CharadriidaeVanellus vanellus,Vanellus vanellus,Lapwing,CharadriidaeHaematopus ostralegus,Haematopus ostralegus,Oystercatcher,HaematopodidaeIchthyaetus relictus,Chroicocephalus ridibundus,Black-headed gull,LaridaeLarus brunnicephalus,Chroicocephalus ridibundus,Black-headed gull,LaridaeLarus dominicanus,Larus spp.,Gulls,LaridaeCalidris ruficollis,Calidris alpina,Dunlin,ScolopacidaeNumenius tenuirostris,Numenius phaeopus,Whimbrel,ScolopacidaeTringa ochropus,Tringa ochropus,Green sandpiper,ScolopacidaeTringa totanus,Tringa totanus,Redshank,ScolopacidaeCaloenas maculata,Uria aalge,Guillemot,AlcidaeColumba jouyi,Streptopelia decaocto,Collared dove,ColumbidaeColumba livia,Columba livia,Rock dove,ColumbidaeColumba rupestris,Columba livia,Rock dove,ColumbidaeEctopistes migratorius,Columba palumbus,Wood pigeon,ColumbidaeStreptopelia decaocto,Streptopelia decaocto,Collared dove,ColumbidaeAlectoris chukar,Alectoris rufa,Red-legged partridge,PhasianidaeGallus gallus spadiceus,Gallus gallus domesticus,Chicken,PhasianidaeLyrurus tetrix,Lagopus lagopus,Willow ptarmigan,PhasianidaeMeleagris gallopavo,Meleagris gallopavo,Turkey,PhasianidaePerdix perdix,Perdix perdix,Grey partridge,PhasianidaePhasianus colchicus,Phasianus colchicus,Common pheasant,PhasianidaePhasianus versicolor,Phasianus colchicus,Common pheasant,PhasianidaeSyrmaticus reevesii,Lagopus lagopus,Willow ptarmigan,PhasianidaeTetrao parvirostris kamtschaticus,Lagopus lagopus,Willow ptarmigan,PhasianidaeGallinula chloropus,Gallinula chloropus,Common moorhen,RallidaeCorvus macrorhynchos,Corvus spp.,Corvids,CorvidaeCorvus pectoralis,Corvus spp.,Corvids,CorvidaeNucifraga columbiana,Corvus spp.,Corvids,CorvidaePasser domesticus,Passer domesticus,House sparrow,PasseridaeSturnus vulgaris,Sturnus vulgaris,Common starling,SturnidaeMyadestes myadestinus,Turdus philomelos,Song thrush,TurdidaeTurdus eunomus,Turdus merula,Common blackbird,TurdidaeTurdus kessleri,Turdus merula,Common blackbird,TurdidaeTurdus rufiventris,Turdus merula,Common blackbird,TurdidaeArdea cinerea,Ardea cinerea,Grey heron,ArdeidaePlatalea leucorodia,Platalea leucorodia,Eurasian spoonbill,ThreskiornithidaePhalacrocorax carbo,Phalacrocorax carbo,Cormorant,PhalacrocoracidaeBison bonasus,Bos taurus,Cow,BovidaeBison schoetensacki,Bos taurus,Cow,BovidaeBos indicus,Bos taurus,Cow,BovidaeBos primigenius,Bos taurus,Cow,BovidaeBubalus depressicornis,Bubalus bubalis,Water buffalo,BovidaeNaemorhedus goral,Ovis aries,Sheep,BovidaeOvis aries,Ovis aries,Sheep,BovidaeTaurotragus derbianus,Homo sapiens,Human,HominidaeLama glama,Lama glama,Llama,CamelidaeCervus elaphus,Cervus elaphus,Red deer,CervidaeSus barbatus,Homo sapiens,Human,SuidaeSus cebifrons,Sus scrofa domesticus,Pig,SuidaeSus scrofa,Sus scrofa domesticus,Pig,SuidaeSus scrofa taivanus,Sus scrofa domesticus,Pig,SuidaeCanis lupaster,Canis lupus familiaris,Dog,CanidaeCanis lupus,Canis lupus familiaris,Dog,CanidaeCanis lupus familiaris,Canis lupus familiaris,Dog,CanidaeOtocyon megalotis,Homo sapiens,Human,HominidaeMeles anakuma,Meles meles,European badger,MustelidaeMeles meles,Meles meles,European badger,MustelidaeMustela kathiah,Mustela spp.,Mustelids,MustelidaeMustela sibirica,Mustela spp.,Mustelids,MustelidaeTaxidea taxus,Meles meles,European badger,MustelidaeHalichoerus grypus,Halichoerus grypus,Grey seal,PhocidaePhoca groenlandica,Phoca vitulina,Harbour seal,PhocidaePhoca largha,Phoca vitulina,Harbour seal,PhocidaePhocoena phocoena,Phocoena phocoena,Harbour porpoise,PhocoenidaeBrachyphylla cavernarum,Homo sapiens,Human,HominidaeMyotis brandtii,Myotis brandtii,Brandt's bat,VespertilionidaeMyotis frater,Myotis daubentonii,Daubenton's bat,VespertilionidaeChaetophractus vellerosus,Homo sapiens,Human,HominidaePriodontes maximus,Homo sapiens,Human,HominidaeTolypeutes matacus,Homo sapiens,Human,HominidaeMacropus fuliginosus,Macropus fuliginosus,Western grey kangaroo,MacropodidaeMacropus giganteus,Macropus giganteus,Eastern grey kangaroo,MacropodidaeOryctolagus cuniculus,Oryctolagus cuniculus,European rabbit,LeporidaeEquus burchellii chapmani,Equus caballus ferus,Horse,EquidaeCastor fiber,Castor fiber,Eurasian beaver,CastoridaeMicrotus agrestis,Microtus agrestis,Field vole,CricetidaeMicrotus arvalis,Arvicola amphibius,Water vole,CricetidaeMicrotus levis,Arvicola amphibius,Water vole,CricetidaeMyodes glareolus,Myodes glareolus,Bank vole,CricetidaeOndatra zibethicus,Arvicola amphibius,Water vole,CricetidaePodomys floridanus,Homo sapiens,Human,HominidaeProechimys cuvieri,Myocastor coypus,Coypu,EchimyidaeGlis glis,Glis glis,Edible dormouse,GliridaeBunomys penitus,Homo sapiens,Human,HominidaeRattus norvegicus,Rattus norvegicus,Brown rat,MuridaeCrocidura russula,Crocidura russula,Greater white-toothed shrew,SoricidaeSorex tundrensis,Homo sapiens,Human,HominidaeMogera wogura,Talpa europaea,European mole,TalpidaeTalpa europaea,Talpa europaea,European mole,Talpidae